{
    "evidence": {
        "BERT": {
            "0": 0.4888888888888889,
            "1": 1.0,
            "2": 0.888888888888889,
            "3": 1.0,
            "4": 1.0,
            "5": 0.8333333333333333,
            "6": 0.7499999999999999,
            "7": 0.8888888888888888,
            "8": 1.0,
            "9": 1.0,
            "10": 1.0,
            "11": 0.9333333333333333,
            "12": 0.6666666666666666,
            "13": 1.0,
            "14": 1.0,
            "15": 1.0,
            "16": 0.6666666666666666,
            "17": 1.0,
            "18": 1.0,
            "19": 1.0,
            "20": 1.0,
            "21": 1.0,
            "23": 1.0,
            "24": 0.9523809523809523
        },
        "ELECTRA": {
            "0": 0.6582278481012658,
            "1": 0.9411764705882353,
            "2": 0.9285714285714286,
            "3": 1.0,
            "4": 1.0,
            "5": 0.8333333333333333,
            "6": 0.7499999999999999,
            "7": 0.8421052631578948,
            "8": 1.0,
            "9": 1.0,
            "10": 0.888888888888889,
            "11": 0.9333333333333333,
            "12": 0.8,
            "13": 1.0,
            "14": 1.0,
            "15": 1.0,
            "16": 1.0,
            "17": 1.0,
            "18": 1.0,
            "19": 1.0,
            "20": 1.0,
            "21": 1.0,
            "23": 1.0,
            "24": 0.8571428571428572
        },
        "RoBERTa": {
            "0": 0.4946236559139785,
            "1": 1.0,
            "2": 1.0,
            "3": 1.0,
            "4": 0.8750000000000001,
            "5": 0.888888888888889,
            "6": 1.0,
            "7": 0.823529411764706,
            "8": 0.9600000000000001,
            "9": 1.0,
            "10": 1.0,
            "11": 0.8571428571428571,
            "12": 0.6666666666666666,
            "13": 1.0,
            "14": 0.888888888888889,
            "15": 0.923076923076923,
            "16": 0.0,
            "17": 1.0,
            "18": 1.0,
            "19": 1.0,
            "20": 0.8,
            "21": 1.0,
            "23": 1.0,
            "24": 0.9
        },
        "DistilBERT": {
            "0": 0.5054945054945056,
            "1": 1.0,
            "2": 0.888888888888889,
            "3": 1.0,
            "4": 0.9333333333333333,
            "5": 0.9090909090909091,
            "6": 0.8571428571428571,
            "7": 0.9411764705882353,
            "8": 1.0,
            "9": 1.0,
            "10": 1.0,
            "11": 0.9333333333333333,
            "12": 0.8,
            "13": 1.0,
            "14": 1.0,
            "15": 1.0,
            "16": 0.6666666666666666,
            "17": 1.0,
            "18": 1.0,
            "19": 1.0,
            "20": 1.0,
            "21": 1.0,
            "23": 1.0,
            "24": 0.9
        }
    },
    "claim": {
        "BERT": {
            "0": 0.6946107784431138,
            "1": 0.9411764705882353,
            "2": 0.8387096774193549,
            "3": 0.6,
            "4": 0.7368421052631579,
            "5": 0.47058823529411764,
            "6": 0.42857142857142855,
            "7": 0.7777777777777778,
            "8": 0.8571428571428571,
            "9": 0.6923076923076924,
            "10": 0.5454545454545454,
            "11": 0.8571428571428571,
            "12": 0.5714285714285715,
            "13": 0.5,
            "14": 0.888888888888889,
            "15": 0.923076923076923,
            "16": 0.6666666666666666,
            "17": 0.8571428571428571,
            "18": 0.888888888888889,
            "19": 1.0,
            "20": 0.8,
            "21": 1.0,
            "23": 0.6666666666666666,
            "24": 0.7777777777777778
        },
        "ELECTRA": {
            "0": 0.6904761904761904,
            "1": 0.9411764705882353,
            "2": 0.8387096774193549,
            "3": 0.6,
            "4": 0.7368421052631579,
            "5": 0.5263157894736842,
            "6": 0.35294117647058826,
            "7": 0.8181818181818181,
            "8": 0.8461538461538461,
            "9": 0.6923076923076924,
            "10": 0.5454545454545454,
            "11": 0.7999999999999999,
            "12": 0.5714285714285715,
            "13": 0.8571428571428571,
            "14": 1.0,
            "15": 1.0,
            "16": 0.6666666666666666,
            "17": 1.0,
            "18": 1.0,
            "19": 1.0,
            "20": 0.8,
            "21": 1.0,
            "23": 0.6666666666666666,
            "24": 0.8421052631578948
        },
        "RoBERTa": {
            "0": 0.6785714285714285,
            "1": 0.9411764705882353,
            "2": 0.8387096774193549,
            "3": 0.6,
            "4": 0.7368421052631579,
            "5": 0.5263157894736842,
            "6": 0.4615384615384615,
            "7": 0.7999999999999999,
            "8": 0.8461538461538461,
            "9": 0.6923076923076924,
            "10": 0.4,
            "11": 0.7692307692307692,
            "12": 0.5714285714285715,
            "13": 0.6666666666666666,
            "14": 0.888888888888889,
            "15": 0.923076923076923,
            "16": 0.6666666666666666,
            "17": 1.0,
            "18": 0.888888888888889,
            "19": 0.6666666666666666,
            "20": 0.8,
            "21": 1.0,
            "23": 0.0,
            "24": 0.7777777777777778
        },
        "DistilBERT": {
            "0": 0.6904761904761904,
            "1": 0.9411764705882353,
            "2": 0.8387096774193549,
            "3": 0.6,
            "4": 0.7368421052631579,
            "5": 0.47058823529411764,
            "6": 0.4615384615384615,
            "7": 0.7777777777777778,
            "8": 0.8461538461538461,
            "9": 0.6923076923076924,
            "10": 0.5454545454545454,
            "11": 0.7999999999999999,
            "12": 0.5,
            "13": 1.0,
            "14": 0.888888888888889,
            "15": 0.923076923076923,
            "16": 0.0,
            "17": 1.0,
            "18": 0.888888888888889,
            "19": 1.0,
            "20": 0.8,
            "21": 1.0,
            "23": 0.6666666666666666,
            "24": 0.7777777777777778
        }
    },
    "structure": {
        "BERT": {
            "0": 0.5,
            "1": 1.0,
            "2": 0.9285714285714286,
            "3": 1.0,
            "4": 1.0,
            "5": 0.8333333333333333,
            "6": 0.7499999999999999,
            "7": 0.8888888888888888,
            "8": 0.9600000000000001,
            "9": 1.0,
            "10": 0.888888888888889,
            "11": 0.9333333333333333,
            "12": 0.8,
            "13": 1.0,
            "14": 1.0,
            "15": 1.0,
            "16": 0.6666666666666666,
            "17": 1.0,
            "18": 1.0,
            "19": 1.0,
            "20": 1.0,
            "21": 1.0,
            "23": 1.0,
            "24": 0.9523809523809523
        },
        "ELECTRA": {
            "0": 0.6875,
            "1": 0.9411764705882353,
            "2": 0.923076923076923,
            "3": 0.8571428571428571,
            "4": 1.0,
            "5": 0.9090909090909091,
            "6": 0.8571428571428571,
            "7": 0.8,
            "8": 1.0,
            "9": 1.0,
            "10": 1.0,
            "11": 0.9333333333333333,
            "12": 1.0,
            "13": 1.0,
            "14": 1.0,
            "15": 1.0,
            "16": 1.0,
            "17": 1.0,
            "18": 1.0,
            "19": 1.0,
            "20": 1.0,
            "21": 1.0,
            "23": 1.0,
            "24": 0.9
        },
        "RoBERTa": {
            "0": 0.40476190476190477,
            "1": 1.0,
            "2": 1.0,
            "3": 0.8571428571428571,
            "4": 1.0,
            "5": 1.0,
            "6": 0.8571428571428571,
            "7": 0.8750000000000001,
            "8": 0.9600000000000001,
            "9": 1.0,
            "10": 1.0,
            "11": 0.9333333333333333,
            "12": 1.0,
            "13": 1.0,