{
    "structure": [
        0.6739130434782609,
        0.9333333333333333,
        0.7142857142857143,
        0.7142857142857143,
        0.8571428571428571,
        0.8571428571428571,
        0.6,
        0.9090909090909091,
        0.4,
        0.9090909090909091,
        0.3333333333333333,
        1.0,
        1.0,
        0.7499999999999999
    ],
    "claim": [
        0.6894197952218429,
        0.9333333333333333,
        0.7692307692307692,
        0.4444444444444445,
        0.6363636363636364,
        0.8571428571428571,
        0.7142857142857143,
        0.8333333333333334,
        0.5714285714285715,
        0.9090909090909091,
        0.5714285714285715,
        0.6666666666666666,
        1.0,
        0.8333333333333333
    ],
    "evidence": [
        0.6920415224913494,
        1.0,
        0.6666666666666667,
        0.5882352941176471,
        0.7777777777777778,
        0.8148148148148148,
        0.7272727272727272,
        0.8571428571428571,
        1.0,
        0.9090909090909091,
        0.5714285714285715,
        1.0,
        1.0,
        0.8571428571428572
    ]
}