{
    "structure": [
        0.7147335423197492,
        0.8181818181818182,
        0.8296296296296296
    ],
    "claim": [
        0.702127659574468,
        0.7619047619047619,
        0.7972027972027972
    ],
    "evidence": [
        0.7077922077922079,
        0.7391304347826089,
        0.8270676691729324
    ]
}