{
    "structure": [
        0.6666666666666667,
        0.9333333333333333,
        0.924731182795699
    ],
    "claim": [
        0.7326732673267327,
        0.7012987012987013,
        0.7676767676767676
    ],
    "evidence": [
        0.6341463414634146,
        0.9152542372881356,
        0.9617486338797815
    ]
}