{
    "structure": [
        0.731958762886598,
        0.9310344827586207,
        0.9608938547486033
    ],
    "claim": [
        0.7326732673267327,
        0.7088607594936709,
        0.7867298578199051
    ],
    "evidence": [
        0.6341463414634146,
        0.9152542372881356,
        0.9617486338797815
    ]
}