{
    "structure": [
        0.689419795221843,
        0.7804878048780488,
        0.7768595041322314
    ],
    "claim": [
        0.7009646302250804,
        0.6818181818181819,
        0.7746478873239436
    ],
    "evidence": [
        0.7077922077922079,
        0.7391304347826089,
        0.8270676691729324
    ]
}