bert-base-uncased,kaggle_1000,fake_real_1000,liar_1000
accuracy,0.98,0.9,0.62
precision,0.9629629629629629,0.85,0.6046511627906976
recall,1.0,0.8947368421052632,0.9285714285714286
f1,0.9811320754716981,0.8717948717948718,0.7323943661971831
