bert-base-uncased,kaggle_1000
accuracy,0.98
f1,0.9811320754716981
precision,0.9629629629629629
recall,1.0
