ELMo,0
accuracy,0.9583333333333334
precision,1.0
recall,0.9230769230769231
f1,0.9600000000000001
